image_id,filename,title,type,description,year,published,order_index
26fe40df-7745-41dc-7491-97cb36a32f00,BlueAlienKing.jpg,BlueAlienKing,still,Uploaded on 2025-11-13. Filename: BlueAlienKing.jpg,2025,1,999
75b29e1a-2d22-4ef7-af19-2f7e3828bd00,GreenAlienKing.jpg,GreenAlienKing,still,Uploaded on 2025-11-13. Filename: GreenAlienKing.jpg,2025,1,999
65dfe0b8-5b3f-4501-a3ee-c99d301a1800,YellowAlienKing.jpg,YellowAlienKing,still,Uploaded on 2025-11-13. Filename: YellowAlienKing.jpg,2025,1,999
d4969f09-777d-46a4-f167-db56837e5300,BrownAlienKing.jpg,BrownAlienKing,still,Uploaded on 2025-11-13. Filename: BrownAlienKing.jpg,2025,1,999
7ced0c47-f1ee-4f88-2080-089d9d605200,OrangeAlienKing.jpg,OrangeAlienKing,still,Uploaded on 2025-11-13. Filename: OrangeAlienKing.jpg,2025,1,999
258597a9-caa4-4175-8f3e-cd0b77a56a00,MujerGuias.png,MujerGuias,still,Uploaded on 2025-11-13. Filename: MujerGuias.png,2025,1,999
7023005b-1359-478f-64eb-a2b3c73fca00,Dresses3.png,Dresses3,still,Uploaded on 2025-11-13. Filename: Dresses3.png,2025,1,999
e9fd4477-84f5-4a57-ac67-aba89d28b000,BlueLeafedPlant.png,BlueLeafedPlant,still,Uploaded on 2025-11-13. Filename: BlueLeafedPlant.png,2025,1,999
13bf777c-3736-4972-fef0-9b04d755df00,AGR-PinkSuitLady.png,AGR-PinkSuitLady,still,Uploaded on 2025-11-13. Filename: AGR-PinkSuitLady.png,2025,1,999
d39cde69-e675-42ae-08b1-53e326689100,AGR-BigFeaturedQueenRandom3.jpg,AGR-BigFeaturedQueenRandom3,still,Uploaded on 2025-11-13. Filename: AGR-BigFeaturedQueenRandom3.jpg,2025,1,999
12c79899-fb93-4885-508f-d2da0a2fbf00,first_frame_ParisSeineScene.png,First_frame_ParisSeineScene,still,Uploaded on 2025-11-13. Filename: first_frame_ParisSeineScene.png,2025,1,999
f70e532c-cbf2-485e-e066-aa7500a65b00,watermark.png,Watermark,still,Uploaded on 2025-10-20. Filename: watermark.png,2025,1,999
2438a786-e027-4744-c85e-6f82fd1eaf00,InfinitoJunco.png,InfinitoJunco,still,Uploaded on 2025-10-05. Filename: InfinitoJunco.png,2025,1,999
eda682fa-8928-48fe-81d8-95f7e2723b00,qwen-image_la-llorona-en-la-playa.webp,Qwen-image_la-llorona-en-la-playa,still,Uploaded on 2025-09-29. Filename: qwen-image_la-llorona-en-la-playa.webp,2025,1,999
4fee572d-dfc1-4be8-e7fc-a05378c12000,qwen-image_la-virgen-de-guadalupe-con-una-su-aura.webp,Qwen-image_la-virgen-de-guadalupe-con-una-su-aura,still,Uploaded on 2025-09-28. Filename: qwen-image_la-virgen-de-guadalupe-con-una-su-aura.webp,2025,1,999
fd42e2f6-b1e0-4af8-7241-7b24357e5c00,Q-HorsebackOnBeach.webp,Q-HorsebackOnBeach,still,Uploaded on 2025-09-28. Filename: Q-HorsebackOnBeach.webp,2025,1,999
8b335784-d4d9-44e8-7c84-ee3547f51800,qwen-image_la-llorona-en-la-playa.webp,Qwen-image_la-llorona-en-la-playa,still,Uploaded on 2025-09-28. Filename: qwen-image_la-llorona-en-la-playa.webp,2025,1,999
f0f34429-b00c-46b0-4c51-15d331dbe400,test.png,Test,still,Uploaded on 2025-09-24. Filename: test.png,2025,1,999
4a4cf91e-7d6e-4a81-5a8a-1547dc729e00,InfinitoJunco.png,InfinitoJunco,still,Uploaded on 2025-09-23. Filename: InfinitoJunco.png,2025,1,999
78e80b8c-da57-4f92-f074-be4e85049e00,garlic.png,Garlic,still,Uploaded on 2025-08-28. Filename: garlic.png,2025,1,999
e63e1c85-a520-4f39-b737-2e4faf880c00,output-frame.jpg,Output-frame,still,Uploaded on 2025-08-13. Filename: output-frame.jpg,2025,1,999
48c08b9f-0ce4-403d-728b-98064b25e700,GMPNG.png,GMPNG,still,Uploaded on 2025-08-12. Filename: GMPNG.png,2025,1,999
92c712f4-aec1-4e68-1cec-fcd9682eae00,PortfolioTemp.webp,PortfolioTemp,still,Uploaded on 2025-08-12. Filename: PortfolioTemp.webp,2025,1,999
f8a136eb-363e-4a24-0f54-70bb4f4bf800,MujerFaceAntoine.jpg,MujerFaceAntoine,still,Uploaded on 2025-08-11. Filename: MujerFaceAntoine.jpg,2025,1,999